employee_id,employee_name,job_title,department,salary
1,Vicki Pitkeathley,Senior Quality Engineer,Legal,$259040.59
2,Skell MacShirrie,Recruiting Manager,Engineering,$68798.67
3,Burton Hiddy,Actuary,Research and Development,$257188.22
4,Melisent Bogays,Registered Nurse,Product Management,$447679.70
5,Haleigh Gibbins,Office Assistant I,Training,$289957.34
6,Elbertine Gretton,VP Product Management,Product Management,$228848.18
7,Yard Bartram,Tax Accountant,Training,$279425.87
8,Stevie Bramble,Cost Accountant,Business Development,$253216.66
9,Verne Vairow,Nurse Practicioner,Support,$161414.28
10,Moore Iorizzo,Editor,Business Development,$464025.95
11,Kingsly Behr,Systems Administrator II,Marketing,$227287.65
12,Karine Brabyn,Web Developer I,Accounting,$161451.18
13,Aleen Guiducci,VP Marketing,Business Development,$219359.00
14,Gwyn Dobbings,Account Coordinator,Training,$215158.72
15,Gretel Covely,Product Engineer,Training,$451343.69
16,Micheline Impey,Recruiter,Sales,$137608.96
17,Halie Cosslett,Research Associate,Business Development,$187564.96
18,Elenore Pitkins,Account Coordinator,Marketing,$71275.43
19,Shannen Stratiff,Community Outreach Specialist,Marketing,$433496.76
20,Bren Mathouse,Quality Control Specialist,Sales,$323443.40
21,Graig Boulding,Payment Adjustment Coordinator,Support,$361377.84
22,Tine Duchatel,Dental Hygienist,Marketing,$101548.18
23,Kipp Cowe,Automation Specialist II,Training,$212268.03
24,Kearney Prene,Senior Developer,Research and Development,$330585.92
25,Joellen Arbuckel,Speech Pathologist,Engineering,$311607.94
26,Rita Finicj,Human Resources Assistant I,Human Resources,$115973.31
27,Geoffry Rattrie,Computer Systems Analyst IV,Legal,$192153.31
28,Christen Pechet,Recruiter,Support,$170040.93
29,Lorne Meriet,Research Assistant I,Business Development,$446708.25
30,Leora Poulter,Senior Editor,Research and Development,$263968.73
31,Donalt Spellissy,Graphic Designer,Sales,$261348.94
32,Purcell Lanktree,Executive Secretary,Training,$94053.16
33,Chevalier Beentjes,Design Engineer,Legal,$497951.65
34,Mari Christopherson,Quality Control Specialist,Support,$354077.10
35,Rollin Ayre,Tax Accountant,Human Resources,$278551.56
36,Christean Bolesworth,Research Associate,Engineering,$479481.70
37,Charita Really,Human Resources Assistant II,Support,$493780.25
38,Cherilynn Wellstood,Chemical Engineer,Engineering,$166414.60
39,Klemens Zuenelli,VP Marketing,Human Resources,$135825.08
40,Kendre Lytle,Computer Systems Analyst II,Accounting,$80641.57
41,Ardis Colmer,General Manager,Human Resources,$343221.75
42,Bear Pigot,Account Executive,Product Management,$323181.42
43,Dionisio Raddish,Physical Therapy Assistant,Human Resources,$288393.07
44,Shaughn Cohalan,Structural Analysis Engineer,Sales,$495454.53
45,Cassey Karel,Mechanical Systems Engineer,Human Resources,$251933.28
46,Gearalt Dunbabin,Human Resources Manager,Accounting,$324085.66
47,Glendon Ivanilov,Analyst Programmer,Human Resources,$378775.44
48,Tiffy Spreag,Pharmacist,Human Resources,$369945.33
49,Missie Dory,Community Outreach Specialist,Research and Development,$345715.19
50,Hoebart McCandie,Sales Associate,Services,$223363.71
51,Binni Raiment,Pharmacist,Product Management,$292789.80
52,Con Sneddon,Payment Adjustment Coordinator,Product Management,$445434.96
53,Emmy Vickors,Accountant IV,Marketing,$149848.29
54,Rhodie Kyteley,Staff Accountant II,Support,$239506.18
55,Giovanna Tytherton,Food Chemist,Training,$173049.55
56,Melonie Moy,Programmer Analyst III,Business Development,$181621.02
57,Teresina Vaughten,Nurse Practicioner,Business Development,$126599.66
58,Morey Crass,Product Engineer,Marketing,$296095.95
59,Thaxter Dadswell,VP Marketing,Engineering,$330373.65
60,Morgan Cuniam,Compensation Analyst,Engineering,$379123.21
61,Fleming Gibling,Cost Accountant,Support,$441219.84
62,Goddard Niblett,Associate Professor,Marketing,$223208.29
63,Glenda MacCurtain,Environmental Specialist,Marketing,$333614.02
64,Alverta Iannetti,Librarian,Accounting,$233656.04
65,Anni Leahey,VP Sales,Marketing,$424695.44
66,Merill Venn,Data Coordinator,Accounting,$273797.59
67,Fara Terron,Assistant Professor,Human Resources,$414255.24
68,Zuzana Ca,Quality Engineer,Business Development,$324148.89
69,Roarke Hulbert,Staff Accountant II,Business Development,$233330.76
70,Kata Hamley,Nurse,Research and Development,$157214.81
71,Clemmy Cometson,Clinical Specialist,Support,$327443.78
72,Aline Bailey,Internal Auditor,Human Resources,$345001.32
73,Alejandra Johnsson,Engineer IV,Marketing,$123924.93
74,Eilis Varnals,Quality Engineer,Accounting,$227460.86
75,Meir Huglin,Accountant III,Engineering,$379318.64
76,Clayborn Lacoste,Accountant II,Legal,$74816.37
77,Elora Atkirk,VP Product Management,Sales,$369659.60
78,Lyn Sperwell,Technical Writer,Business Development,$127882.48
79,Sasha Anfosso,Chief Design Engineer,Human Resources,$294577.38
80,Edythe Siely,Budget/Accounting Analyst III,Training,$342742.58
81,Jaquelin Brandoni,Structural Analysis Engineer,Product Management,$477221.87
82,Cchaddie Warwick,Staff Accountant IV,Services,$470842.38
83,Gunilla Fawcitt,Software Test Engineer III,Services,$416445.12
84,Eleni Pleuman,Physical Therapy Assistant,Accounting,$329357.67
85,Corrianne Keeling,Senior Cost Accountant,Sales,$101313.70
86,Hall Wrathall,Human Resources Assistant I,Support,$382517.54
87,Abbye Featherston,VP Sales,Training,$229012.50
88,Blayne York,Senior Editor,Sales,$137956.19
89,Madel Balm,VP Product Management,Product Management,$119461.77
90,Isobel Deehan,Structural Engineer,Training,$315383.30
91,Nina Lacrouts,Payment Adjustment Coordinator,Human Resources,$76435.30
92,Patience Vonasek,Nurse,Human Resources,$209045.00
93,Celestia Kenningley,Software Test Engineer I,Training,$241346.62
94,Loise Raggitt,VP Accounting,Accounting,$406717.09
95,Lauretta Kiendl,Safety Technician I,Support,$147405.08
96,Staffard Dutnall,Community Outreach Specialist,Sales,$144756.78
97,Palmer Enevoldsen,Food Chemist,Human Resources,$481133.95
98,Nicola Guisler,Tax Accountant,Business Development,$175290.65
99,Kaitlynn Birkett,Assistant Manager,Support,$190089.80
100,Viviyan Rentoul,Project Manager,Engineering,$399434.60
101,Germana Bruno,Editor,Business Development,$297662.85
102,Mortimer Chittim,Assistant Manager,Support,$156066.96
103,Avery Jenne,Web Developer II,Business Development,$241967.61
104,Ransom Fayers,Environmental Specialist,Research and Development,$280550.85
105,Valentia Meyrick,Automation Specialist I,Support,$216296.85
106,Dorey Hedin,Marketing Assistant,Engineering,$428972.90
107,Worthington Marshallsay,Health Coach IV,Business Development,$373970.75
108,Carrissa Cullity,VP Marketing,Marketing,$294100.62
109,Joy Forshaw,Media Manager I,Human Resources,$332549.71
110,Marla Kos,General Manager,Product Management,$99460.45
111,Annabal Plevin,Software Consultant,Legal,$308652.24
112,Dorey Habert,Account Executive,Product Management,$237352.66
113,Wendye Steade,Marketing Assistant,Sales,$197846.97
114,Wyatan Harme,Biostatistician III,Business Development,$114549.27
115,Andres Hartwright,Project Manager,Research and Development,$437968.24
116,Regen Reichhardt,Senior Editor,Research and Development,$98470.97
117,Hakim Bernlin,Geological Engineer,Product Management,$382662.46
118,Blondelle Darleston,Financial Analyst,Marketing,$496854.44
119,Sib Ciementini,Automation Specialist III,Product Management,$341146.19
120,Rosanne Jermy,Programmer III,Legal,$478961.49
121,Monti Ashwell,Director of Sales,Training,$355803.42
122,Netti Holleworth,Chief Design Engineer,Training,$184672.57
123,Glenna Cello,Paralegal,Sales,$98731.14
124,Misti Cowpertwait,Editor,Services,$186525.76
125,Mata Christin,Account Executive,Human Resources,$214606.80
126,Hettie Rankmore,Programmer I,Legal,$399815.53
127,Barnaby Coopland,Research Nurse,Training,$287952.29
128,Nikki Grouse,Staff Accountant III,Marketing,$142792.65
129,Gail Oliva,Media Manager II,Legal,$313140.43
130,Noami Giannotti,Product Engineer,Marketing,$285406.69
131,Debee Roizin,Financial Advisor,Sales,$294386.05
132,Morie Bordone,Software Consultant,Legal,$138991.48
133,Aldo Ludgate,Dental Hygienist,Engineering,$93378.87
134,Kristy Bradder,Cost Accountant,Services,$94984.97
135,Aida Crole,Office Assistant IV,Product Management,$233568.35
136,Gonzales Hobben,Systems Administrator II,Product Management,$463540.75
137,Adel Farries,Help Desk Technician,Training,$217189.97
138,Enoch Nuzzetti,Financial Analyst,Engineering,$88909.54
139,Cletis Fairhurst,Payment Adjustment Coordinator,Marketing,$241396.45
140,Bastian Aizkovitch,Office Assistant II,Training,$342500.82
141,Marijo Kingzeth,Engineer III,Services,$131311.02
142,Charleen Parminter,Junior Executive,Marketing,$236782.99
143,Tobey O' Molan,Mechanical Systems Engineer,Support,$334148.49
144,Erinn Laborde,Web Developer IV,Sales,$100725.31
145,Polly Glisenan,Help Desk Operator,Support,$124844.44
146,Bar Dallicott,Nurse,Services,$86966.31
147,Weber Dinnage,Geological Engineer,Marketing,$381267.35
148,Bran Schwaiger,Tax Accountant,Accounting,$69037.80
149,Nelia Bilbery,Web Developer IV,Sales,$466759.84
150,Pierre Petrasch,Project Manager,Human Resources,$483484.53
151,Warner Treven,Cost Accountant,Services,$447676.26
152,Koenraad Itzcovichch,Civil Engineer,Product Management,$128271.80
153,Chickie Reven,Paralegal,Legal,$364080.88
154,Felipa Forty,Compensation Analyst,Business Development,$208694.93
155,Lorelle Petruk,Design Engineer,Support,$224316.84
156,Egan Cruwys,GIS Technical Architect,Accounting,$98144.40
157,Terrel Slinger,Senior Developer,Accounting,$314047.10
158,Marijn Brilon,Senior Financial Analyst,Marketing,$229857.33
159,Livia Candelin,Marketing Assistant,Services,$121678.36
160,Payton Wilne,Developer IV,Training,$74188.98
161,Ephrayim Moens,Senior Cost Accountant,Business Development,$80517.66
162,Nikola Fenna,Media Manager II,Training,$212915.91
163,Isis Goodyer,Systems Administrator III,Sales,$226014.40
164,Mathe Bearn,Compensation Analyst,Support,$449316.01
165,Aeriela Binding,Programmer Analyst I,Accounting,$298600.60
166,Agneta Symonds,Occupational Therapist,Marketing,$482458.80
167,Ximenes Wolsey,Editor,Training,$328010.31
168,Scott Hyatt,Social Worker,Human Resources,$415351.23
169,Welsh Criag,Geologist IV,Business Development,$467900.31
170,Jobie O'Deoran,Chemical Engineer,Business Development,$397172.19
171,Davidson Sickert,Help Desk Operator,Support,$179700.99
172,Athena Adenot,Account Executive,Product Management,$146438.23
173,Anna-maria Hegg,Structural Engineer,Training,$319092.07
174,Tod Beckitt,Cost Accountant,Legal,$372967.37
175,Georgianna Loxley,Payment Adjustment Coordinator,Training,$426339.36
176,Lazaro Strathe,Clinical Specialist,Product Management,$147314.16
177,Nikkie Dickin,GIS Technical Architect,Accounting,$322250.27
178,Bayard Marmion,Chemical Engineer,Legal,$400628.12
179,Adoree Margrett,Quality Control Specialist,Engineering,$493422.25
180,Danie Ganing,Developer I,Accounting,$138406.87
181,Una Gurwood,Staff Accountant III,Business Development,$319847.11
182,Jaye McFeate,Account Representative III,Services,$404965.23
183,Willa Toffel,Librarian,Marketing,$109719.46
184,Alfie Rapport,Design Engineer,Legal,$345762.15
185,Addison Avrahamy,Civil Engineer,Services,$298669.43
186,Tybie Hatcher,Automation Specialist I,Marketing,$129006.80
187,Hurleigh Rebichon,Professor,Business Development,$109283.90
188,Hildagard Glennon,Sales Representative,Support,$300743.46
189,Kassia Ollander,Graphic Designer,Engineering,$282819.65
190,Richie Ebbin,Biostatistician III,Business Development,$168954.29
191,Tiebout Shemmin,Data Coordinator,Research and Development,$456525.93
192,Orion Padrick,VP Accounting,Accounting,$250837.42
193,Nealy Mattussevich,Legal Assistant,Product Management,$247781.08
194,Tedra Philp,Office Assistant I,Engineering,$133686.14
195,Gottfried Wormleighton,Senior Developer,Accounting,$87133.17
196,Jillian Challiner,Compensation Analyst,Business Development,$170923.68
197,Fannie Lafrentz,Analog Circuit Design manager,Training,$295448.31
198,Bary Parrot,Nuclear Power Engineer,Marketing,$316457.62
199,Trescha Gyford,Nurse Practicioner,Accounting,$400010.97
200,Adeline Greenard,Financial Analyst,Accounting,$109971.38
201,Harry De Normanville,Computer Systems Analyst III,Services,$294995.79
202,King Sutcliff,Senior Developer,Support,$360526.52
203,Felicia Allcott,Computer Systems Analyst II,Services,$105345.19
204,Dill Shotboult,Statistician I,Product Management,$451127.43
205,Lauren Grube,VP Accounting,Marketing,$219456.47
206,Glenn Cullnean,Structural Engineer,Engineering,$220995.06
207,Jacquie Raoul,Analyst Programmer,Legal,$242395.37
208,Herrick Teal,Quality Engineer,Support,$488080.52
209,Putnam McGlynn,Data Coordinator,Sales,$277234.23
210,Walker Eadmeads,Senior Financial Analyst,Business Development,$223436.85
211,Willa Swatheridge,Administrative Officer,Legal,$464260.78
212,Rozele Farrears,Financial Analyst,Product Management,$244477.45
213,Cordula Tremayne,Quality Engineer,Accounting,$488541.79
214,Lydie Dormon,Chief Design Engineer,Research and Development,$431483.87
215,Saudra Martignoni,Business Systems Development Analyst,Business Development,$337895.24
216,Lazaro Petigrew,Systems Administrator I,Engineering,$353239.13
217,Ilsa Bartholomew,Accountant I,Product Management,$170169.56
218,Garik Dymond,VP Sales,Sales,$466959.34
219,Olag Cleef,Web Developer II,Services,$280301.60
220,Papageno Titchard,Cost Accountant,Training,$111133.23
221,Veronika Lyenyng,Media Manager III,Research and Development,$150043.39
222,Gardie Waudby,Clinical Specialist,Legal,$477827.46
223,Marlowe Landman,Biostatistician I,Training,$328711.83
224,Byron Bulfoot,General Manager,Engineering,$468807.32
225,Deena Leeves,Editor,Business Development,$121803.57
226,Richardo Roofe,Internal Auditor,Sales,$390018.38
227,Ethelred Brumhead,Product Engineer,Business Development,$396162.91
228,Liliane Wombwell,Recruiter,Human Resources,$106575.62
229,Martha Farish,Database Administrator IV,Human Resources,$437002.27
230,Alexina Scarborough,Cost Accountant,Human Resources,$463982.32
231,Alexandrina Gofford,Senior Editor,Business Development,$157111.98
232,Rollin Jellyman,Systems Administrator III,Engineering,$98429.65
233,Hercule Arundel,Paralegal,Support,$414123.37
234,Shantee Jumonet,Account Coordinator,Training,$331582.16
235,Arte Tydeman,Information Systems Manager,Services,$483899.50
236,Hildegaard Kmieciak,Research Assistant II,Training,$329991.68
237,Shellie Nazair,Business Systems Development Analyst,Accounting,$453226.50
238,Ignace Grassot,Product Engineer,Support,$242391.38
239,Nickey Jewer,Senior Developer,Support,$409254.29
240,Ellie Kennifeck,Web Developer IV,Services,$261703.72
241,Basilius Vanns,Senior Editor,Support,$462143.36
242,Karyn Fussey,Web Developer IV,Business Development,$389731.59
243,Wenda Fritchly,Tax Accountant,Services,$244786.20
244,Ingrim De Freyne,Internal Auditor,Sales,$296520.33
245,Lenee Scourge,Human Resources Assistant IV,Marketing,$494494.32
246,Philippine Yancey,Geological Engineer,Human Resources,$487894.15
247,Alard Hutton,VP Quality Control,Human Resources,$316748.00
248,Ambrose Diggles,Research Assistant II,Training,$196140.83
249,Beau Lovemore,Community Outreach Specialist,Services,$420939.57
250,Hendrick Donalson,Editor,Human Resources,$354966.84
251,Titus O'Carney,Senior Quality Engineer,Human Resources,$292706.31
252,Annabela Greschik,Marketing Manager,Services,$199788.37
253,Leon Gillyatt,Internal Auditor,Engineering,$228187.48
254,Jess Bartomieu,Staff Scientist,Support,$196324.33
255,Bourke Supple,Senior Financial Analyst,Legal,$333350.55
256,Dorie Gatch,Assistant Professor,Training,$457275.62
257,Colver Clayhill,Senior Editor,Services,$142376.77
258,Ichabod Lardner,Administrative Assistant IV,Research and Development,$277624.80
259,Ody Ivankovic,Environmental Specialist,Marketing,$71625.66
260,Matty Hanshaw,Safety Technician I,Sales,$157692.32
261,Thorvald Butner,Assistant Professor,Legal,$128768.16
262,Lamond Blacklock,Staff Scientist,Sales,$310094.50
263,Chlo Keech,Compensation Analyst,Human Resources,$407483.51
264,Jewel Jenken,Quality Engineer,Engineering,$171399.30
265,Damian McKeevers,Senior Cost Accountant,Sales,$366849.36
266,Perry Julien,VP Marketing,Services,$166132.78
267,Letizia Baelde,Associate Professor,Business Development,$290813.51
268,Cathleen Wentworth,Assistant Professor,Support,$98464.97
269,Ilaire Dewhurst,Senior Editor,Product Management,$286751.52
270,Sophey Yearne,Recruiting Manager,Engineering,$90290.93
271,Zebedee Cunney,VP Marketing,Marketing,$391526.42
272,Mikkel Gritton,Help Desk Operator,Marketing,$486083.55
273,York Webben,Automation Specialist IV,Support,$83571.52
274,Craggy Bennike,Chemical Engineer,Research and Development,$170733.00
275,Dev Minichillo,Accountant II,Sales,$427016.90
276,Mariann Doddemeede,Food Chemist,Accounting,$68679.67
277,Lewie McArthur,Senior Quality Engineer,Research and Development,$482173.86
278,Sly Cathcart,Web Designer II,Services,$447641.51
279,Edsel Gifkins,Internal Auditor,Business Development,$316711.94
280,Aurthur Gynn,Research Associate,Engineering,$254312.01
281,Iggie Tart,Account Executive,Research and Development,$342600.38
282,Hilda Maslen,Mechanical Systems Engineer,Product Management,$497321.22
283,Axel Maro,Software Engineer IV,Accounting,$442436.68
284,Hakim Quinlan,Financial Analyst,Training,$111470.37
285,Danielle Walwood,Office Assistant II,Research and Development,$417077.84
286,Norbie Godehard.sf,Payment Adjustment Coordinator,Accounting,$403617.75
287,Milly Franceschielli,Automation Specialist IV,Business Development,$327431.41
288,Iseabal Hackly,Budget/Accounting Analyst IV,Research and Development,$186830.02
289,Alverta Yuill,Marketing Manager,Engineering,$374725.31
290,Gabie McKearnen,Account Executive,Business Development,$339408.76
291,Marji Whitty,Quality Engineer,Business Development,$356019.37
292,Cheri O'Luby,Clinical Specialist,Accounting,$399496.45
293,Juan Moreside,Systems Administrator IV,Accounting,$335312.89
294,Patricia Eakle,Structural Analysis Engineer,Business Development,$275032.49
295,Waylon Culligan,Data Coordinator,Support,$472875.54
296,Rod Egar,Sales Representative,Engineering,$348749.99
297,Wenonah McCall,Administrative Officer,Business Development,$90182.91
298,Andree Shalloo,Statistician IV,Marketing,$387339.86
299,Rhianon Gierke,Junior Executive,Sales,$102387.45
300,Heloise Mariette,Business Systems Development Analyst,Business Development,$378496.69
301,Thibaud Ilett,Database Administrator II,Product Management,$297223.01
302,Belvia Gawler,Account Coordinator,Engineering,$99559.80
303,Margo Alfuso,Desktop Support Technician,Sales,$228538.81
304,Jerald Silk,Civil Engineer,Research and Development,$223996.74
305,Daniela Bunyard,Office Assistant III,Sales,$208450.48
306,Dirk Charette,Social Worker,Training,$184573.90
307,Lyssa Anscombe,Librarian,Accounting,$412724.60
308,Olly Cruces,Recruiter,Accounting,$369199.11
309,Tammi Phillcock,Geological Engineer,Training,$66521.61
310,Phillipe Brambill,Nurse,Business Development,$164076.97
311,Binnie MacMenamin,Marketing Assistant,Training,$329495.70
312,Aubrey Pfaff,Design Engineer,Research and Development,$490065.28
313,Marlowe Janacek,Automation Specialist IV,Support,$498456.78
314,Marilyn Darkins,Social Worker,Engineering,$317960.79
315,Zackariah Rene,Nurse Practicioner,Training,$112735.29
316,Rochelle Guillon,Assistant Professor,Product Management,$200983.54
317,Olivie Engel,Computer Systems Analyst II,Sales,$458001.74
318,Luciana Smaling,Recruiting Manager,Human Resources,$202985.64
319,Orrin Paulack,Staff Scientist,Legal,$242208.49
320,Mindy Scolland,Environmental Tech,Support,$374425.60
321,Brannon Bownas,GIS Technical Architect,Business Development,$261472.81
322,Phip Vallintine,Senior Developer,Services,$455455.78
323,Ikey Topping,Design Engineer,Business Development,$141296.49
324,Dougie Hourican,Biostatistician I,Services,$240680.89
325,Bernice Damiata,Administrative Officer,Marketing,$347419.52
326,Lark Thody,Information Systems Manager,Support,$101891.51
327,Mareah Well,Occupational Therapist,Services,$137522.40
328,Dilan Lagden,Marketing Manager,Support,$418249.42
329,Victoir Rootham,Database Administrator IV,Support,$101650.15
330,Ashbey Ritch,Help Desk Technician,Support,$335903.20
331,Packston Abbs,Administrative Assistant II,Product Management,$284126.67
332,Sharity Glantz,Research Assistant IV,Legal,$418261.04
333,Kalila D'Aguanno,Recruiter,Training,$73149.86
334,Zelda Gresham,Structural Engineer,Marketing,$361054.14
335,Sasha Villalta,Biostatistician II,Product Management,$339625.16
336,Rheba Poure,Food Chemist,Sales,$305635.05
337,Arlena Wilkes,Editor,Accounting,$91649.13
338,Fernande Bransdon,Office Assistant I,Training,$316855.65
339,Addia Birtles,Tax Accountant,Engineering,$303716.94
340,Abigail Crowson,Sales Representative,Accounting,$92963.15
341,Karola Simeoli,Sales Associate,Support,$210802.23
342,Perry Robley,Librarian,Support,$68002.75
343,Rica Doonican,Senior Quality Engineer,Support,$340515.81
344,Yurik Overthrow,Engineer I,Support,$312226.34
345,Cynthy Baumaier,Actuary,Services,$301635.78
346,Tabbie Cage,Safety Technician II,Services,$153009.41
347,Germayne Stanyforth,Food Chemist,Sales,$422589.12
348,Bearnard Hylden,Accountant IV,Product Management,$411790.60
349,Jasen Zannotelli,Director of Sales,Accounting,$317050.65
350,Delila Nicholls,Staff Accountant I,Services,$192905.36
351,Kimberley Seymark,Senior Editor,Legal,$129111.34
352,Baldwin Dive,Engineer II,Human Resources,$433497.19
353,Krystal Hinrich,Paralegal,Legal,$385637.85
354,Daisy Hallbord,Office Assistant IV,Engineering,$215276.13
355,Stefania Nansom,VP Sales,Research and Development,$66577.17
356,Torrin Tierny,Automation Specialist IV,Sales,$311286.15
357,Cy Klimashevich,GIS Technical Architect,Marketing,$460903.45
358,Dory Crayke,Developer II,Accounting,$76344.40
359,Hort Drinnan,Marketing Assistant,Business Development,$352391.44
360,Joanne Wookey,Staff Scientist,Services,$132088.27
361,Marris Heyward,Technical Writer,Human Resources,$153822.52
362,Shell Stappard,General Manager,Sales,$184522.67
363,Kendal Justice,Information Systems Manager,Training,$264443.43
364,Piper Kerkham,Accountant I,Human Resources,$470285.53
365,Kirsteni Weagener,Database Administrator IV,Business Development,$118188.05
366,Goldarina Themann,Product Engineer,Human Resources,$418767.44
367,Marcille Pulham,Biostatistician IV,Legal,$416812.36
368,Naomi Leek,Sales Associate,Business Development,$135921.80
369,Gustavo Bullar,Administrative Assistant IV,Sales,$140936.31
370,Cornelia Drysdale,Sales Representative,Legal,$280896.15
371,Boyce Perotti,Occupational Therapist,Business Development,$127660.18
372,Nelson Ventum,Assistant Manager,Services,$421095.15
373,Ron Whitehorn,Assistant Media Planner,Sales,$223870.16
374,Alika Awin,Help Desk Operator,Accounting,$257755.16
375,Baily Bailess,Research Nurse,Research and Development,$325218.03
376,Cosimo Pepall,Recruiter,Training,$300083.19
377,Linell Rosoni,Senior Quality Engineer,Engineering,$323980.00
378,Antonino Coole,Research Associate,Marketing,$434951.16
379,Jackie Tertre,Quality Control Specialist,Business Development,$255389.51
380,Xever Fiske,Research Nurse,Support,$130707.22
381,Regine Nuttey,Biostatistician III,Marketing,$442721.88
382,Salmon Eblein,Senior Cost Accountant,Sales,$304587.63
383,Haley Goodman,Tax Accountant,Engineering,$442244.51
384,Ody Houselee,Budget/Accounting Analyst I,Services,$137967.71
385,Willetta Raeburn,Staff Scientist,Research and Development,$374807.02
386,Emili Jewkes,Research Nurse,Product Management,$213520.00
387,Carrol Scheffler,Occupational Therapist,Support,$440631.81
388,Rae Sandwick,Chemical Engineer,Services,$256030.69
389,Ave Le Teve,General Manager,Research and Development,$73282.49
390,Maxie Backshill,Web Developer IV,Services,$167529.99
391,Marco Archer,Staff Scientist,Engineering,$423991.96
392,Wain Jonczyk,Speech Pathologist,Accounting,$139733.95
393,Slade Fuentez,Paralegal,Services,$392405.19
394,Hattie Flear,Help Desk Operator,Research and Development,$98297.09
395,Elroy Doberer,Account Executive,Training,$464747.73
396,Rowen Maben,Senior Sales Associate,Research and Development,$312224.70
397,Kimberley Mellish,Electrical Engineer,Business Development,$332607.71
398,Grant Beck,Database Administrator II,Business Development,$475418.20
399,Pierson Eger,VP Quality Control,Sales,$104808.31
400,Peggie Kares,Librarian,Research and Development,$164812.43
401,Alejandrina Guinn,Actuary,Support,$292751.70
402,Simeon Wadly,Actuary,Support,$403158.59
403,Wylma Smeed,Structural Analysis Engineer,Marketing,$267664.41
404,Meir Bardsley,Account Coordinator,Sales,$429454.91
405,La verne Hammant,Professor,Human Resources,$72712.87
406,Robbi Norewood,Systems Administrator I,Engineering,$278307.47
407,Bernardine Groome,Data Coordinator,Support,$176185.32
408,Trude Sibery,Accounting Assistant IV,Legal,$205932.04
409,Abbie Duckhouse,Clinical Specialist,Product Management,$91851.41
410,Ilysa Brimble,General Manager,Accounting,$144977.10
411,Alexa Kores,Software Engineer II,Product Management,$472375.17
412,Justinian Bruin,Staff Accountant I,Sales,$264659.60
413,Ricky Hebditch,Systems Administrator III,Engineering,$489019.54
414,Aggi St Quenin,Financial Advisor,Training,$369591.26
415,Arleta Heskey,Administrative Assistant III,Research and Development,$247744.31
416,Brockie Adin,Help Desk Operator,Business Development,$141504.65
417,Dian Norcliffe,Systems Administrator II,Training,$453140.87
418,Yettie Gawne,Director of Sales,Human Resources,$252894.42
419,Mireielle Kenryd,Compensation Analyst,Engineering,$249017.55
420,Colly Benstead,Research Nurse,Services,$242352.77
421,Donny Riepel,Software Engineer III,Human Resources,$185037.85
422,Chick Gallaher,VP Product Management,Product Management,$124414.73
423,Archibold Bloodworthe,VP Product Management,Legal,$170720.66
424,Arliene Antonikov,Business Systems Development Analyst,Support,$230521.78
425,Dorian Decourt,Desktop Support Technician,Engineering,$149153.40
426,Marcile Hubbocks,Librarian,Legal,$302673.19
427,Agatha Kruse,Technical Writer,Human Resources,$464405.39
428,Kayne Scartifield,Marketing Assistant,Support,$427888.70
429,Sela Ropert,VP Accounting,Marketing,$248418.03
430,Donnell Gregoratti,Research Associate,Product Management,$369070.76
431,Rudolf Daniellot,Nuclear Power Engineer,Legal,$283263.54
432,Daniele Woollaston,Community Outreach Specialist,Support,$112374.04
433,Faythe Empringham,Design Engineer,Accounting,$111990.64
434,Tristam Ible,Civil Engineer,Engineering,$387083.41
435,Adoree Liepins,Research Nurse,Research and Development,$453743.12
436,Kassey Weber,Automation Specialist III,Business Development,$458440.60
437,Luca Ackwood,Librarian,Legal,$362441.44
438,Codie Vassman,Actuary,Marketing,$211386.46
439,Belita Otto,Environmental Specialist,Sales,$386951.95
440,Rhianon Griniov,Civil Engineer,Marketing,$396022.87
441,Rosene Pendergast,Research Associate,Support,$370742.21
442,Katherine Danskine,Food Chemist,Business Development,$477459.82
443,Kaitlyn Fidell,VP Marketing,Training,$405813.07
444,Seth Spencers,GIS Technical Architect,Training,$282504.99
445,Clotilda McChruiter,Office Assistant I,Engineering,$271721.71
446,Birk Mazzeo,Environmental Tech,Legal,$475628.83
447,Jeremiah Willshere,Teacher,Product Management,$438840.47
448,Amie Slograve,Administrative Officer,Sales,$292919.82
449,Fabio Nucator,Electrical Engineer,Sales,$416510.37
450,Samuel O'Shirine,Editor,Research and Development,$381266.63
451,Shell McGraffin,Environmental Specialist,Training,$419154.71
452,Lolita MacKellar,Project Manager,Sales,$167979.96
453,Olly Axton,Senior Editor,Engineering,$305176.47
454,Bridie Praten,Accounting Assistant II,Human Resources,$95220.13
455,Harvey MacCosto,Senior Cost Accountant,Marketing,$441685.10
456,Ardelia Jahner,Environmental Specialist,Accounting,$443690.37
457,Tabby Brevetor,Staff Accountant I,Business Development,$399718.96
458,Monique MacKibbon,Senior Sales Associate,Accounting,$159936.63
459,Sky Strafford,Geological Engineer,Legal,$390569.47
460,Paddy Musterd,Administrative Assistant II,Research and Development,$465975.17
461,Gweneth Da Costa,Quality Control Specialist,Research and Development,$362917.09
462,Adrea Brunesco,Chemical Engineer,Sales,$73687.67
463,Phineas Cuddehy,Automation Specialist I,Accounting,$440183.84
464,Kathryne Pasby,Analog Circuit Design manager,Legal,$127165.10
465,Isador Hebbron,Executive Secretary,Business Development,$465568.81
466,Bobbie Whitehall,Marketing Assistant,Research and Development,$467380.77
467,Jaclin Stanger,Product Engineer,Training,$79897.98
468,Marie-ann Droghan,Programmer Analyst II,Training,$82846.69
469,Desmond Pfeffel,Legal Assistant,Legal,$331297.41
470,Burr Caller,Health Coach II,Research and Development,$337413.05
471,Barde MacKerley,Clinical Specialist,Business Development,$233805.63
472,Benji Daton,Cost Accountant,Training,$109064.07
473,Lucky Piscopo,Legal Assistant,Sales,$477179.05
474,Darcie Smillie,Business Systems Development Analyst,Services,$403662.13
475,Carlin Latan,Programmer III,Training,$292077.77
476,Shayne Crossby,Civil Engineer,Business Development,$441416.50
477,Lyssa Forcade,Recruiting Manager,Services,$453113.51
478,Daniele Cornwall,Librarian,Legal,$494591.00
479,Millie Fairbrass,Speech Pathologist,Training,$84172.13
480,Northrop Aspy,Computer Systems Analyst I,Services,$144663.92
481,Giordano Dyson,VP Marketing,Sales,$332520.10
482,Veronika Stegel,Biostatistician IV,Business Development,$149585.30
483,Tad Stannis,Statistician I,Business Development,$100095.34
484,Loydie Jennick,Statistician III,Engineering,$480883.57
485,Roxi Boyse,Geologist IV,Legal,$222760.34
486,Verena Shewring,Physical Therapy Assistant,Business Development,$88981.11
487,Denney Allmen,Librarian,Research and Development,$241042.21
488,Kareem Rival,Software Consultant,Research and Development,$93036.35
489,Ede Brion,Sales Representative,Training,$94761.00
490,Ruddie Waplinton,Product Engineer,Legal,$288690.57
491,Eberto Plunkett,Software Engineer II,Legal,$144546.52
492,Hakim Blais,Tax Accountant,Research and Development,$361410.25
493,Ozzy Czajka,Statistician III,Training,$229958.65
494,Dru Gunnell,Legal Assistant,Legal,$337029.12
495,Constantine Fallis,Chief Design Engineer,Support,$265700.91
496,Lonni Wisker,Product Engineer,Training,$383522.94
497,Gerhardine McChruiter,VP Product Management,Accounting,$216038.96
498,Myles Antowski,Senior Cost Accountant,Engineering,$426649.33
499,Jasun Haskins,Nurse,Human Resources,$325496.91
500,Zorah Alelsandrowicz,Administrative Officer,Marketing,$496700.90
